<?xml version="1.0" encoding="UTF-8" ?>
<!DOCTYPE mapper PUBLIC "-//mybatis.org//DTD Mapper 3.0//EN" "http://mybatis.org/dtd/mybatis-3-mapper.dtd">
<mapper namespace="cn.zhangxd.platform.system.provider.mapper.SysMenuMapper">

    <sql id="selectColumns">
        SELECT DISTINCT
            a.id,
            a.parent_id,
            a.parent_ids,
            a.name,
            a.href,
            a.icon,
            a.sort,
            a.is_show,
            a.permission,
            a.remarks,
            a.create_date,
            a.update_date
        FROM sys_menu a
    </sql>

    <select id="get" resultType="cn.zhangxd.platform.system.api.entity.SysMenu">
        <include refid="selectColumns"/>
        WHERE a.id = #{id}
    </select>

    <select id="findListByUserId" resultType="cn.zhangxd.platform.system.api.entity.SysMenu">
        <include refid="selectColumns"/>
        JOIN sys_role_menu rm ON rm.menu_id = a.id
        JOIN sys_role r ON r.id = rm.role_id AND r.enabled = '1' AND r.del_flag = '0'
        JOIN sys_user_role ur ON ur.role_id = r.id
        JOIN sys_user u ON u.id = ur.user_id AND u.id = #{userId}
        WHERE a.del_flag = '0'
        ORDER BY a.sort
    </select>

    <select id="findListByRoleId" resultType="cn.zhangxd.platform.system.api.entity.SysMenu">
        <include refid="selectColumns"/>
        LEFT JOIN sys_role_menu rm ON rm.menu_id = a.id
        WHERE a.del_flag = '0'
        AND rm.role_id = #{roleId}
        ORDER BY a.sort
    </select>

    <select id="findAllList" resultType="cn.zhangxd.platform.system.api.entity.SysMenu">
        <include refid="selectColumns"/>
        WHERE a.del_flag = '0'
        ORDER BY a.sort
    </select>

    <insert id="insert">
        INSERT INTO sys_menu (
            id,
            parent_id,
            parent_ids,
            name,
            href,
            icon,
            sort,
            is_show,
            permission,
            create_date,
            update_date,
            remarks
        ) VALUES (
            #{id},
            #{parentId},
            #{parentIds},
            #{name},
            #{href},
            #{icon},
            #{sort},
            #{isShow},
            #{permission},
            #{createDate},
            #{updateDate},
            #{remarks}
        )
    </insert>

    <update id="update">
        UPDATE sys_menu
        <set>
            parent_id = #{parentId},
            parent_ids = #{parentIds},
            name = #{name},
            href = #{href},
            icon = #{icon},
            sort = #{sort},
            is_show = #{isShow},
            permission = #{permission},
            update_date = #{updateDate},
            remarks = #{remarks}
        </set>
        WHERE id = #{id}
    </update>

    <update id="deleteById">
        UPDATE sys_menu
        SET
            del_flag = '1'
        WHERE id = #{id} OR parent_ids LIKE CONCAT('%', #{id}, ',%')
    </update>

    <select id="findByParentIdsLike" resultType="cn.zhangxd.platform.system.api.entity.SysMenu">
        SELECT
            a.id,
            a.parent_id,
            a.parent_ids
        FROM sys_menu a
        WHERE a.parent_ids LIKE #{parentIds}
        ORDER BY a.sort
    </select>

    <update id="updateParentIds">
        UPDATE sys_menu
        SET
            parent_id  = #{parentId},
            parent_ids = #{parentIds}
        WHERE id = #{id}
    </update>

</mapper>